# Host: 127.0.0.1  (Version: 5.6.25-log)
# Date: 2015-07-03 17:59:30
# Generator: MySQL-Front 5.3  (Build 4.214)

/*!40101 SET NAMES utf8 */;

#
# Structure for table "order"
#

DROP TABLE IF EXISTS `order`;
CREATE TABLE `order` (
  `Id` int(11) NOT NULL AUTO_INCREMENT,
  `perTime` int(11) NOT NULL DEFAULT '0' COMMENT '期次',
  `userNo` varchar(255) NOT NULL DEFAULT '' COMMENT '用户帐号',
  `sn` bigint(20) NOT NULL DEFAULT '0' COMMENT '订单序号',
  `numbers` varchar(20) NOT NULL DEFAULT '' COMMENT '号码',
  `state` varchar(255) DEFAULT '0' COMMENT '兑奖状态0未兑奖，1已兑奖',
  `dateTimes` datetime NOT NULL DEFAULT '0000-00-00 00:00:00',
  `tot` int(11) NOT NULL DEFAULT '0',
  PRIMARY KEY (`Id`)
) ENGINE=ndbcluster AUTO_INCREMENT=353 DEFAULT CHARSET=utf8 COMMENT='订单';

#
# Data for table "order"
#

INSERT INTO `order` VALUES (109,2,'1',11435908118210,'1','0','2015-07-03 15:21:58',2),(110,8,'1',11435908231738,'1','0','2015-07-03 15:23:51',2),(111,9,'1',11435908264536,'1','0','2015-07-03 15:24:24',2),(112,20,'1',11435908474497,'1','0','2015-07-03 15:27:54',2),(113,26,'1',11435908581601,'1','0','2015-07-03 15:29:41',2),(114,26,'1',11435908584080,'3','0','2015-07-03 15:29:44',2),(115,26,'1',11435908585960,'4','0','2015-07-03 15:29:45',2),(116,32,'1',11435908708705,'1','0','2015-07-03 15:31:48',2),(117,32,'1',11435908710063,'4','0','2015-07-03 15:31:50',2),(118,32,'1',11435908711254,'5','0','2015-07-03 15:31:51',2),(119,32,'1',11435908712606,'6','0','2015-07-03 15:31:52',2),(120,32,'1',11435908714010,'7','0','2015-07-03 15:31:54',2),(121,64,'1',11435909380468,'2','0','2015-07-03 15:43:00',3),(122,64,'1',11435909382900,'4','0','2015-07-03 15:43:02',3),(123,64,'1',11435909384627,'5','0','2015-07-03 15:43:04',3),(124,64,'1',11435909386196,'7','0','2015-07-03 15:43:06',3),(125,66,'1',11435909413107,'7','0','2015-07-03 15:43:33',3),(126,66,'1',11435909415684,'2','0','2015-07-03 15:43:35',3),(127,66,'1',11435909417139,'3','0','2015-07-03 15:43:37',3),(128,66,'1',11435909419763,'4','0','2015-07-03 15:43:39',3),(129,66,'1',11435909421459,'6','0','2015-07-03 15:43:41',3),(130,66,'1',11435909422780,'7','0','2015-07-03 15:43:42',3),(131,66,'1',11435909424858,'8','0','2015-07-03 15:43:44',3),(132,66,'1',11435909427405,'4','0','2015-07-03 15:43:47',3),(133,74,'1',11435909587237,'1','0','2015-07-03 15:46:27',2),(134,74,'1',11435909588851,'3','0','2015-07-03 15:46:28',2),(135,74,'1',11435909590628,'2','0','2015-07-03 15:46:30',2),(136,74,'1',11435909592084,'4','0','2015-07-03 15:46:32',2),(137,74,'1',11435909593259,'5','0','2015-07-03 15:46:33',2),(138,74,'1',11435909594587,'6','0','2015-07-03 15:46:34',2),(139,74,'1',11435909595900,'7','0','2015-07-03 15:46:35',2),(140,74,'1',11435909598291,'8','0','2015-07-03 15:46:38',2),(141,76,'1',11435909631613,'2','0','2015-07-03 15:47:11',3),(142,76,'1',11435909633036,'4','0','2015-07-03 15:47:13',3),(143,76,'1',11435909634843,'5','0','2015-07-03 15:47:14',3),(144,76,'1',11435909636323,'6','0','2015-07-03 15:47:16',3),(145,76,'1',11435909637772,'7','0','2015-07-03 15:47:17',3),(146,76,'1',11435909639483,'8','0','2015-07-03 15:47:19',3),(147,78,'1',11435909673340,'8','0','2015-07-03 15:47:53',3),(148,78,'1',11435909675211,'3','0','2015-07-03 15:47:55',3),(149,78,'1',11435909676323,'4','0','2015-07-03 15:47:56',3),(150,78,'1',11435909677875,'5','0','2015-07-03 15:47:57',3),(151,78,'1',11435909679155,'6','0','2015-07-03 15:47:59',3),(152,78,'1',11435909680739,'7','0','2015-07-03 15:48:00',3),(153,80,'1',11435909717109,'1','0','2015-07-03 15:48:37',2),(154,80,'1',11435909718563,'4','0','2015-07-03 15:48:38',2),(155,80,'1',11435909720571,'4','0','2015-07-03 15:48:40',2),(156,80,'1',11435909722035,'3','0','2015-07-03 15:48:42',2),(157,80,'1',11435909723716,'5','0','2015-07-03 15:48:43',2),(158,80,'1',11435909725187,'6','0','2015-07-03 15:48:45',2),(159,83,'1',11435909784483,'7','0','2015-07-03 15:49:44',2),(160,83,'1',11435909787818,'5','0','2015-07-03 15:49:47',2),(161,83,'1',11435909788945,'4','0','2015-07-03 15:49:48',2),(162,84,'1',11435909791050,'8','0','2015-07-03 15:49:51',2),(163,84,'1',11435909792242,'9','0','2015-07-03 15:49:52',2),(164,84,'1',11435909795281,'0','0','2015-07-03 15:49:55',2),(165,84,'1',11435909797354,'8','0','2015-07-03 15:49:57',2),(166,84,'1',11435909798761,'6','0','2015-07-03 15:49:58',2),(167,84,'1',11435909802146,'4','0','2015-07-03 15:50:02',2),(168,84,'1',11435909803393,'5','0','2015-07-03 15:50:03',2),(169,84,'1',11435909804706,'3','0','2015-07-03 15:50:04',2),(170,84,'1',11435909806113,'2','0','2015-07-03 15:50:06',2),(171,84,'1',11435909809226,'1','0','2015-07-03 15:50:09',2),(172,86,'1',11435909848540,'1','0','2015-07-03 15:50:48',2),(173,86,'1',11435909850203,'3','0','2015-07-03 15:50:50',2),(174,92,'1',11435909979675,'1','0','2015-07-03 15:52:59',2),(175,93,'1',11435909980962,'2','0','2015-07-03 15:53:00',2),(176,93,'1',11435909982081,'3','0','2015-07-03 15:53:02',2),(177,93,'1',11435909984065,'4','0','2015-07-03 15:53:04',2),(178,93,'1',11435909985314,'5','0','2015-07-03 15:53:05',2),(179,93,'1',11435909987089,'6','0','2015-07-03 15:53:07',2),(180,93,'1',11435909988467,'7','0','2015-07-03 15:53:08',2),(181,93,'1',11435909990137,'8','0','2015-07-03 15:53:10',2),(182,93,'1',11435909991889,'9','0','2015-07-03 15:53:11',2),(183,93,'1',11435909994081,'0','0','2015-07-03 15:53:14',2),(184,96,'1',11435910050186,'1','0','2015-07-03 15:54:10',2),(185,96,'1',11435910053018,'3','0','2015-07-03 15:54:13',2),(186,96,'1',11435910054530,'4','0','2015-07-03 15:54:14',2),(187,96,'1',11435910056218,'5','0','2015-07-03 15:54:16',2),(188,96,'1',11435910057754,'7','0','2015-07-03 15:54:17',2),(189,100,'1',11435910132947,'1','0','2015-07-03 15:55:32',2),(190,100,'1',11435910135348,'3','0','2015-07-03 15:55:35',2),(191,100,'1',11435910136610,'2','0','2015-07-03 15:55:36',2),(192,100,'1',11435910138418,'4','0','2015-07-03 15:55:38',2),(193,100,'1',11435910139937,'5','0','2015-07-03 15:55:39',2),(194,100,'1',11435910141321,'6','0','2015-07-03 15:55:41',2),(195,100,'1',11435910142769,'7','0','2015-07-03 15:55:42',2),(196,100,'1',11435910144337,'8','0','2015-07-03 15:55:44',2),(197,100,'1',11435910145650,'9','0','2015-07-03 15:55:45',2),(198,100,'1',11435910146569,'9','0','2015-07-03 15:55:46',2),(199,100,'1',11435910148361,'9','0','2015-07-03 15:55:48',2),(200,101,'1',11435910166371,'1','0','2015-07-03 15:56:06',2),(201,101,'1',11435910168027,'3','0','2015-07-03 15:56:08',2),(202,101,'1',11435910169345,'4','0','2015-07-03 15:56:09',2),(203,104,'1',11435910232282,'2','0','2015-07-03 15:57:12',2),(204,105,'1',11435910234320,'3','0','2015-07-03 15:57:14',2),(205,105,'1',11435910237570,'3','0','2015-07-03 15:57:17',2),(206,105,'1',11435910239432,'2','0','2015-07-03 15:57:19',2),(207,105,'1',11435910241129,'1','0','2015-07-03 15:57:21',2),(208,105,'1',11435910243513,'5','0','2015-07-03 15:57:23',2),(209,105,'1',11435910244864,'4','0','2015-07-03 15:57:24',2),(210,105,'1',11435910246504,'6','0','2015-07-03 15:57:26',2),(211,105,'1',11435910247729,'7','0','2015-07-03 15:57:27',2),(212,105,'1',11435910249497,'8','0','2015-07-03 15:57:29',2),(213,105,'1',11435910251216,'9','0','2015-07-03 15:57:31',2),(214,111,'1',11435910368723,'1','0','2015-07-03 15:59:28',2),(215,111,'1',11435910370369,'3','0','2015-07-03 15:59:30',2),(216,111,'1',11435910372017,'4','0','2015-07-03 15:59:32',2),(217,111,'1',11435910373865,'5','0','2015-07-03 15:59:33',2),(218,111,'1',11435910375680,'6','0','2015-07-03 15:59:35',2),(219,111,'1',11435910377753,'7','0','2015-07-03 15:59:37',2),(220,111,'1',11435910379361,'8','0','2015-07-03 15:59:39',2),(221,136,'1',11435910883169,'1','0','2015-07-03 16:08:03',2),(222,136,'1',11435910884398,'3','0','2015-07-03 16:08:04',2),(223,136,'1',11435910885966,'4','0','2015-07-03 16:08:05',2),(224,136,'1',11435910887677,'5','0','2015-07-03 16:08:07',2),(225,136,'1',11435910889278,'7','0','2015-07-03 16:08:09',2),(226,136,'1',11435910890694,'8','0','2015-07-03 16:08:10',2),(227,139,'1',11435910937535,'2','0','2015-07-03 16:08:57',100),(228,139,'1',11435910940854,'3','0','2015-07-03 16:09:00',100),(229,139,'1',11435910942151,'4','0','2015-07-03 16:09:02',100),(230,139,'1',11435910943797,'5','0','2015-07-03 16:09:03',100),(231,139,'1',11435910954173,'1,2','0','2015-07-03 16:09:14',100),(232,160,'2',21435911402511,'2','0','2015-07-03 16:16:42',1000),(233,160,'2',21435911405597,'3','0','2015-07-03 16:16:45',1000),(234,160,'2',21435911407429,'4','0','2015-07-03 16:16:47',1000),(235,160,'2',21435911409244,'5','0','2015-07-03 16:16:49',1000),(236,160,'2',21435911410540,'6','0','2015-07-03 16:16:50',1000),(237,160,'2',21435911412347,'7','0','2015-07-03 16:16:52',1000),(238,160,'2',21435911413868,'8','0','2015-07-03 16:16:53',1000),(239,160,'2',21435911415485,'9','0','2015-07-03 16:16:55',1000),(240,160,'2',21435911416261,'9','0','2015-07-03 16:16:56',1000),(241,160,'2',21435911416669,'9','0','2015-07-03 16:16:56',1000),(242,160,'2',21435911416828,'9','0','2015-07-03 16:16:56',1000),(243,160,'2',21435911416979,'9','0','2015-07-03 16:16:56',1000),(244,161,'2',21435911435756,'9','0','2015-07-03 16:17:15',1000),(245,161,'2',21435911439108,'4','0','2015-07-03 16:17:19',1000),(246,161,'2',21435911439428,'4','0','2015-07-03 16:17:19',1000),(247,161,'2',21435911440828,'5','0','2015-07-03 16:17:20',1000),(248,161,'2',21435911442484,'6','0','2015-07-03 16:17:22',1000),(249,161,'2',21435911445372,'8','0','2015-07-03 16:17:25',1000),(250,161,'2',21435911446915,'9','0','2015-07-03 16:17:26',1000),(251,161,'2',21435911448427,'0','0','2015-07-03 16:17:28',1000),(252,161,'2',21435911449972,'0','0','2015-07-03 16:17:29',1000),(253,161,'2',21435911450132,'0','0','2015-07-03 16:17:30',1000),(254,161,'2',21435911450315,'0','0','2015-07-03 16:17:30',1000),(255,161,'2',21435911453269,'3','0','2015-07-03 16:17:33',1000),(256,161,'2',21435911453453,'3','0','2015-07-03 16:17:33',1000),(257,162,'2',21435911508357,'1','0','2015-07-03 16:18:28',1000),(258,162,'2',21435911510579,'2','0','2015-07-03 16:18:30',1000),(259,162,'2',21435911511860,'3','0','2015-07-03 16:18:31',1000),(260,162,'2',21435911513459,'4','0','2015-07-03 16:18:33',1000),(261,162,'2',21435911515011,'5','0','2015-07-03 16:18:35',1000),(262,162,'2',21435911516620,'6','0','2015-07-03 16:18:36',1000),(263,162,'2',21435911518180,'7','0','2015-07-03 16:18:38',1000),(264,162,'2',21435911518539,'7','0','2015-07-03 16:18:38',1000),(265,162,'2',21435911518682,'7','0','2015-07-03 16:18:38',1000),(266,162,'2',21435911518820,'7','0','2015-07-03 16:18:38',1000),(267,162,'2',21435911520588,'8','0','2015-07-03 16:18:40',1000),(268,162,'2',21435911520747,'8','0','2015-07-03 16:18:40',1000),(269,162,'2',21435911520892,'8','0','2015-07-03 16:18:40',1000),(270,162,'2',21435911522988,'9','0','2015-07-03 16:18:42',1000),(271,162,'2',21435911523132,'9','0','2015-07-03 16:18:43',1000),(272,162,'2',21435911523291,'9','0','2015-07-03 16:18:43',1000),(273,162,'2',21435911525164,'0','0','2015-07-03 16:18:45',1000),(274,162,'2',21435911525323,'0','0','2015-07-03 16:18:45',1000),(275,163,'1',11435911583005,'1','0','2015-07-03 16:19:43',200),(276,163,'1',11435911585564,'2','0','2015-07-03 16:19:45',200),(277,163,'1',11435911586891,'3','0','2015-07-03 16:19:46',200),(278,163,'1',11435911588291,'4','0','2015-07-03 16:19:48',200),(279,163,'1',11435911589716,'5','0','2015-07-03 16:19:49',200),(280,163,'1',11435911591371,'6','0','2015-07-03 16:19:51',200),(281,163,'1',11435911593491,'7','0','2015-07-03 16:19:53',200),(282,163,'1',11435911593635,'7','0','2015-07-03 16:19:53',200),(283,163,'1',11435911593781,'7','0','2015-07-03 16:19:53',200),(284,163,'1',11435911595923,'8','0','2015-07-03 16:19:55',200),(285,163,'1',11435911596100,'8','0','2015-07-03 16:19:56',200),(286,163,'1',11435911596276,'8','0','2015-07-03 16:19:56',200),(287,163,'1',11435911597820,'9','0','2015-07-03 16:19:57',200),(288,163,'1',11435911597970,'9','0','2015-07-03 16:19:57',200),(289,163,'1',11435911598130,'9','0','2015-07-03 16:19:58',200),(290,164,'1',11435911641836,'0','0','2015-07-03 16:20:41',1000),(291,164,'1',11435911642578,'0','0','2015-07-03 16:20:42',1000),(292,164,'1',11435911646491,'3','0','2015-07-03 16:20:46',1000),(293,164,'1',11435911648539,'5','0','2015-07-03 16:20:48',1000),(294,164,'1',11435911650898,'7','0','2015-07-03 16:20:50',1000),(295,166,'2',21435911743276,'1','0','2015-07-03 16:22:23',100),(296,166,'2',21435911746675,'2','0','2015-07-03 16:22:26',100),(297,166,'2',21435911748236,'3','0','2015-07-03 16:22:28',100),(298,166,'2',21435911749684,'4','0','2015-07-03 16:22:29',100),(299,166,'2',21435911751012,'5','0','2015-07-03 16:22:31',100),(300,166,'2',21435911751171,'5','0','2015-07-03 16:22:31',100),(301,166,'2',21435911752579,'6','0','2015-07-03 16:22:32',100),(302,166,'2',21435911752764,'6','0','2015-07-03 16:22:32',100),(303,166,'2',21435911754715,'7','0','2015-07-03 16:22:34',100),(304,166,'2',21435911754891,'7','0','2015-07-03 16:22:34',100),(305,166,'2',21435911756323,'8','0','2015-07-03 16:22:36',100),(306,166,'2',21435911756515,'8','0','2015-07-03 16:22:36',100),(307,166,'2',21435911758091,'9','0','2015-07-03 16:22:38',100),(308,166,'2',21435911758268,'9','0','2015-07-03 16:22:38',100),(309,166,'2',21435911759739,'0','0','2015-07-03 16:22:39',100),(310,166,'2',21435911759931,'0','0','2015-07-03 16:22:39',100),(311,170,'2',21435911981083,'1','0','2015-07-03 16:26:21',22),(312,170,'1',11435912002770,'1','0','2015-07-03 16:26:42',22),(313,176,'1',11435912315626,'2','0','2015-07-03 16:31:55',100),(314,176,'1',11435912320969,'3','0','2015-07-03 16:32:00',100),(315,176,'1',11435912322392,'4','0','2015-07-03 16:32:02',100),(316,176,'1',11435912324073,'5','0','2015-07-03 16:32:04',100),(317,176,'1',11435912326472,'7','0','2015-07-03 16:32:06',100),(318,176,'1',11435912328016,'8','0','2015-07-03 16:32:08',100),(319,176,'1',11435912330017,'9','0','2015-07-03 16:32:10',100),(320,176,'1',11435912332936,'10','0','2015-07-03 16:32:12',100),(321,199,'1',11435913593245,'1','0','2015-07-03 16:53:13',22),(322,199,'1',11435913597508,'1','0','2015-07-03 16:53:17',22),(323,199,'1',11435913597675,'1','0','2015-07-03 16:53:17',22),(324,199,'1',11435913597826,'1','0','2015-07-03 16:53:17',22),(325,199,'1',11435913597978,'1','0','2015-07-03 16:53:17',22),(326,199,'1',11435913616355,'1','0','2015-07-03 16:53:36',22),(327,199,'1',11435913618498,'4','0','2015-07-03 16:53:38',22),(328,199,'1',11435913619595,'5','0','2015-07-03 16:53:39',22),(329,199,'1',11435913621147,'6','0','2015-07-03 16:53:41',22),(330,199,'1',11435913622723,'8','0','2015-07-03 16:53:42',22),(331,199,'1',11435913625306,'9','0','2015-07-03 16:53:45',22),(332,220,'1',11435914872305,'1','0','2015-07-03 17:14:32',100),(333,220,'1',11435914874864,'2','0','2015-07-03 17:14:34',100),(334,220,'1',11435914876432,'3','0','2015-07-03 17:14:36',100),(335,220,'1',11435914877751,'55','0','2015-07-03 17:14:37',100),(336,220,'1',11435914879607,'6','0','2015-07-03 17:14:39',100),(337,220,'1',11435914885887,'7','0','2015-07-03 17:14:45',100),(338,220,'1',11435914887351,'8','0','2015-07-03 17:14:47',100),(339,220,'1',11435914889423,'0','0','2015-07-03 17:14:49',100),(340,220,'1',11435914891248,'9','0','2015-07-03 17:14:51',100),(341,227,'1',11435915282030,'1','0','2015-07-03 17:21:22',22),(342,241,'1',11435916175868,'1','0','2015-07-03 17:36:15',12),(343,241,'1',11435916178921,'2','0','2015-07-03 17:36:18',12),(344,241,'1',11435916180689,'3','0','2015-07-03 17:36:20',12),(345,241,'1',11435916182465,'4','0','2015-07-03 17:36:22',12),(346,241,'1',11435916183960,'5','0','2015-07-03 17:36:23',12),(347,241,'1',11435916186377,'6','0','2015-07-03 17:36:26',12),(348,241,'1',11435916187931,'6','0','2015-07-03 17:36:27',12),(349,241,'1',11435916192401,'7','0','2015-07-03 17:36:32',12),(350,241,'1',11435916193809,'8','0','2015-07-03 17:36:33',12),(351,241,'1',11435916195209,'9','0','2015-07-03 17:36:35',12),(352,241,'1',11435916196704,'0','0','2015-07-03 17:36:36',12);

#
# Structure for table "results"
#

DROP TABLE IF EXISTS `results`;
CREATE TABLE `results` (
  `Id` int(11) NOT NULL AUTO_INCREMENT,
  `perTime` int(11) NOT NULL DEFAULT '0' COMMENT '期次',
  `numbers` varchar(5) NOT NULL DEFAULT '' COMMENT '开奖号码',
  `state` varchar(1) NOT NULL DEFAULT '0' COMMENT '状态0为开奖,1已开奖',
  `dataTimes` date NOT NULL DEFAULT '0000-00-00',
  PRIMARY KEY (`Id`)
) ENGINE=ndbcluster AUTO_INCREMENT=6724 DEFAULT CHARSET=utf8 COMMENT='开奖结果';

#
# Data for table "results"
#

INSERT INTO `results` VALUES (6460,1,'3,7,5','1','2015-07-03'),(6461,2,'3,5,8','1','2015-07-03'),(6462,3,'6,8,2','1','2015-07-03'),(6463,4,'2,3,8','1','2015-07-03'),(6464,5,'1,3,6','1','2015-07-03'),(6465,6,'5,1,8','1','2015-07-03'),(6466,8,'4,2,3','1','2015-07-03'),(6467,9,'8,3,7','1','2015-07-03'),(6468,10,'0,4,0','1','2015-07-03'),(6469,11,'6,7,4','1','2015-07-03'),(6470,12,'1,6,1','1','2015-07-03'),(6472,13,'1,8,2','1','2015-07-03'),(6473,14,'6,7,6','1','2015-07-03'),(6474,15,'5,1,0','1','2015-07-03'),(6475,16,'6,5,3','1','2015-07-03'),(6476,17,'8,4,1','1','2015-07-03'),(6477,18,'7,7,0','1','2015-07-03'),(6478,19,'8,7,8','1','2015-07-03'),(6479,20,'5,4,3','1','2015-07-03'),(6480,21,'8,3,5','1','2015-07-03'),(6481,22,'8,7,2','1','2015-07-03'),(6482,23,'8,3,7','1','2015-07-03'),(6483,24,'1,0,8','1','2015-07-03'),(6484,25,'1,7,4','1','2015-07-03'),(6485,26,'1,4,0','1','2015-07-03'),(6486,27,'3,0,4','1','2015-07-03'),(6487,28,'8,4,0','1','2015-07-03'),(6488,29,'6,6,3','1','2015-07-03'),(6489,30,'6,1,0','1','2015-07-03'),(6490,31,'3,2,6','1','2015-07-03'),(6491,32,'5,7,6','1','2015-07-03'),(6492,33,'1,1,2','1','2015-07-03'),(6493,34,'6,6,4','1','2015-07-03'),(6494,35,'3,5,8','1','2015-07-03'),(6495,36,'7,1,4','1','2015-07-03'),(6496,37,'2,7,3','1','2015-07-03'),(6497,38,'1,0,5','1','2015-07-03'),(6498,39,'6,8,6','1','2015-07-03'),(6499,40,'3,6,2','1','2015-07-03'),(6500,41,'2,6,7','1','2015-07-03'),(6501,42,'8,7,6','1','2015-07-03'),(6502,43,'5,3,1','1','2015-07-03'),(6503,44,'6,5,1','1','2015-07-03'),(6504,45,'2,5,0','1','2015-07-03'),(6505,46,'6,7,6','1','2015-07-03'),(6506,47,'2,0,1','1','2015-07-03'),(6507,48,'7,5,4','1','2015-07-03'),(6508,49,'2,0,3','1','2015-07-03'),(6509,50,'6,8,3','1','2015-07-03'),(6510,51,'7,6,6','1','2015-07-03'),(6511,52,'2,8,0','1','2015-07-03'),(6512,53,'7,7,1','1','2015-07-03'),(6513,54,'6,7,4','1','2015-07-03'),(6514,55,'8,8,8','1','2015-07-03'),(6515,56,'3,7,5','1','2015-07-03'),(6516,57,'6,1,7','1','2015-07-03'),(6517,58,'6,6,7','1','2015-07-03'),(6518,59,'6,5,4','1','2015-07-03'),(6519,60,'5,4,4','1','2015-07-03'),(6520,61,'2,7,3','1','2015-07-03'),(6521,62,'7,3,4','1','2015-07-03'),(6522,63,'5,6,3','1','2015-07-03'),(6523,64,'3,8,0','1','2015-07-03'),(6524,65,'2,5,1','1','2015-07-03'),(6525,66,'1,6,4','1','2015-07-03'),(6526,67,'0,1,2','1','2015-07-03'),(6527,68,'7,0,3','1','2015-07-03'),(6528,69,'6,3,5','1','2015-07-03'),(6529,70,'6,6,5','1','2015-07-03'),(6530,71,'6,8,0','1','2015-07-03'),(6531,72,'2,1,2','1','2015-07-03'),(6532,73,'6,6,6','1','2015-07-03'),(6533,74,'6,8,5','1','2015-07-03'),(6534,75,'8,2,2','1','2015-07-03'),(6535,76,'0,2,5','1','2015-07-03'),(6536,77,'1,8,5','1','2015-07-03'),(6537,78,'2,4,2','1','2015-07-03'),(6538,79,'3,3,2','1','2015-07-03'),(6539,80,'7,3,8','1','2015-07-03'),(6540,81,'5,8,4','1','2015-07-03'),(6541,82,'5,2,8','1','2015-07-03'),(6542,83,'0,3,3','1','2015-07-03'),(6543,84,'3,8,2','1','2015-07-03'),(6544,85,'0,4,2','1','2015-07-03'),(6545,86,'6,6,2','1','2015-07-03'),(6546,87,'2,4,1','1','2015-07-03'),(6547,88,'6,8,5','1','2015-07-03'),(6548,89,'8,3,5','1','2015-07-03'),(6549,90,'8,0,5','1','2015-07-03'),(6550,91,'4,0,5','1','2015-07-03'),(6551,92,'4,6,5','1','2015-07-03'),(6552,93,'2,3,8','1','2015-07-03'),(6553,94,'5,0,4','1','2015-07-03'),(6554,95,'6,4,4','1','2015-07-03'),(6555,96,'6,1,4','1','2015-07-03'),(6556,97,'2,4,1','1','2015-07-03'),(6557,98,'7,5,0','1','2015-07-03'),(6558,99,'2,2,1','1','2015-07-03'),(6559,100,'8,7,5','1','2015-07-03'),(6560,101,'4,6,1','1','2015-07-03'),(6561,102,'7,1,6','1','2015-07-03'),(6562,103,'7,6,0','1','2015-07-03'),(6563,104,'5,3,3','1','2015-07-03'),(6564,105,'8,0,2','1','2015-07-03'),(6565,106,'6,4,7','1','2015-07-03'),(6566,107,'6,1,7','1','2015-07-03'),(6567,108,'6,1,4','1','2015-07-03'),(6568,109,'7,8,6','1','2015-07-03'),(6569,110,'3,8,0','1','2015-07-03'),(6570,111,'0,2,1','1','2015-07-03'),(6571,112,'2,7,2','1','2015-07-03'),(6572,113,'5,1,4','1','2015-07-03'),(6573,114,'6,2,3','1','2015-07-03'),(6574,115,'8,1,2','1','2015-07-03'),(6575,116,'2,0,6','1','2015-07-03'),(6576,117,'7,3,2','1','2015-07-03'),(6577,118,'3,3,1','1','2015-07-03'),(6578,119,'4,1,6','1','2015-07-03'),(6579,120,'3,7,3','1','2015-07-03'),(6580,121,'5,8,3','1','2015-07-03'),(6581,122,'7,8,3','1','2015-07-03'),(6582,123,'3,8,0','1','2015-07-03'),(6583,124,'7,4,7','1','2015-07-03'),(6584,125,'6,0,3','1','2015-07-03'),(6585,126,'3,3,0','1','2015-07-03'),(6586,127,'7,5,5','1','2015-07-03'),(6587,128,'3,6,8','1','2015-07-03'),(6588,129,'2,0,4','1','2015-07-03'),(6589,130,'5,2,7','1','2015-07-03'),(6590,131,'8,5,1','1','2015-07-03'),(6591,132,'8,5,8','1','2015-07-03'),(6592,133,'5,2,7','1','2015-07-03'),(6593,134,'4,1,4','1','2015-07-03'),(6594,135,'4,7,2','1','2015-07-03'),(6595,136,'8,3,8','1','2015-07-03'),(6596,137,'2,3,4','1','2015-07-03'),(6597,138,'1,4,6','1','2015-07-03'),(6598,139,'0,3,6','1','2015-07-03'),(6599,140,'0,0,1','1','2015-07-03'),(6600,141,'2,8,1','1','2015-07-03'),(6601,142,'5,0,1','1','2015-07-03'),(6602,143,'7,0,3','1','2015-07-03'),(6603,144,'3,4,0','1','2015-07-03'),(6604,145,'7,6,1','1','2015-07-03'),(6605,146,'4,1,8','1','2015-07-03'),(6606,147,'4,6,8','1','2015-07-03'),(6607,148,'4,5,5','1','2015-07-03'),(6608,149,'4,3,7','1','2015-07-03'),(6609,150,'6,7,0','1','2015-07-03'),(6610,151,'4,4,1','1','2015-07-03'),(6611,152,'6,5,0','1','2015-07-03'),(6612,153,'8,4,1','1','2015-07-03'),(6613,154,'0,5,1','1','2015-07-03'),(6614,155,'4,3,0','1','2015-07-03'),(6615,156,'5,2,4','1','2015-07-03'),(6616,157,'0,7,6','1','2015-07-03'),(6617,158,'3,8,4','1','2015-07-03'),(6618,159,'1,3,0','1','2015-07-03'),(6619,160,'1,0,8','1','2015-07-03'),(6620,161,'5,6,7','1','2015-07-03'),(6621,162,'8,2,8','1','2015-07-03'),(6622,163,'7,4,3','1','2015-07-03'),(6623,164,'3,4,1','1','2015-07-03'),(6624,165,'8,8,0','1','2015-07-03'),(6625,166,'3,7,6','1','2015-07-03'),(6626,167,'5,5,4','1','2015-07-03'),(6627,168,'1,2,6','1','2015-07-03'),(6628,169,'5,7,2','1','2015-07-03'),(6629,170,'3,6,0','1','2015-07-03'),(6630,171,'2,8,7','1','2015-07-03'),(6631,172,'3,7,3','1','2015-07-03'),(6632,173,'0,3,7','1','2015-07-03'),(6633,174,'8,8,7','1','2015-07-03'),(6634,175,'6,2,2','1','2015-07-03'),(6635,176,'2,3,8','1','2015-07-03'),(6636,177,'4,0,4','1','2015-07-03'),(6637,178,'8,2,8','1','2015-07-03'),(6638,179,'7,5,7','1','2015-07-03'),(6639,180,'5,1,7','1','2015-07-03'),(6640,181,'8,7,7','1','2015-07-03'),(6641,182,'4,3,4','1','2015-07-03'),(6642,183,'8,0,4','1','2015-07-03'),(6643,184,'3,8,7','1','2015-07-03'),(6644,185,'3,6,3','1','2015-07-03'),(6645,186,'8,7,5','1','2015-07-03'),(6646,187,'4,7,5','1','2015-07-03'),(6647,188,'4,0,7','1','2015-07-03'),(6648,189,'0,1,1','1','2015-07-03'),(6649,190,'8,6,2','1','2015-07-03'),(6650,191,'7,8,5','1','2015-07-03'),(6651,192,'3,7,5','1','2015-07-03'),(6652,193,'8,1,6','1','2015-07-03'),(6653,194,'0,1,8','1','2015-07-03'),(6654,195,'4,7,0','1','2015-07-03'),(6655,196,'1,3,2','1','2015-07-03'),(6656,197,'3,2,6','1','2015-07-03'),(6657,198,'2,7,4','1','2015-07-03'),(6658,199,'5,1,4','1','2015-07-03'),(6659,200,'8,1,3','1','2015-07-03'),(6660,201,'6,2,2','1','2015-07-03'),(6661,202,'0,2,3','1','2015-07-03'),(6662,203,'5,6,6','1','2015-07-03'),(6663,204,'6,3,8','1','2015-07-03'),(6664,205,'0,0,0','1','2015-07-03'),(6665,206,'5,2,1','1','2015-07-03'),(6666,207,'6,4,6','1','2015-07-03'),(6667,208,'5,4,2','1','2015-07-03'),(6668,209,'1,4,7','1','2015-07-03'),(6669,210,'7,1,1','1','2015-07-03'),(6670,211,'6,5,6','1','2015-07-03'),(6671,212,'6,8,7','1','2015-07-03'),(6672,213,'3,5,8','1','2015-07-03'),(6673,214,'4,8,4','1','2015-07-03'),(6674,215,'7,6,3','1','2015-07-03'),(6675,216,'1,2,3','1','2015-07-03'),(6676,217,'7,4,2','1','2015-07-03'),(6677,218,'1,0,8','1','2015-07-03'),(6678,219,'7,7,5','1','2015-07-03'),(6679,220,'5,2,5','1','2015-07-03'),(6680,221,'7,8,1','1','2015-07-03'),(6681,222,'4,0,5','1','2015-07-03'),(6682,223,'8,8,7','1','2015-07-03'),(6683,224,'4,2,7','1','2015-07-03'),(6684,225,'7,0,5','1','2015-07-03'),(6685,226,'6,7,2','1','2015-07-03'),(6686,227,'6,7,7','1','2015-07-03'),(6687,228,'2,2,7','1','2015-07-03'),(6688,229,'3,2,3','1','2015-07-03'),(6689,230,'7,6,1','1','2015-07-03'),(6690,231,'3,5,5','1','2015-07-03'),(6691,232,'4,7,2','1','2015-07-03'),(6692,233,'0,6,5','1','2015-07-03'),(6693,234,'5,6,3','1','2015-07-03'),(6694,235,'7,1,7','1','2015-07-03'),(6695,236,'4,7,3','1','2015-07-03'),(6696,237,'4,4,6','1','2015-07-03'),(6697,238,'0,6,6','1','2015-07-03'),(6698,239,'2,6,1','1','2015-07-03'),(6699,240,'1,4,4','1','2015-07-03'),(6700,241,'5,0,8','1','2015-07-03'),(6701,242,'4,4,2','1','2015-07-03'),(6702,243,'4,7,5','1','2015-07-03'),(6703,244,'6,5,6','1','2015-07-03'),(6704,245,'5,7,7','1','2015-07-03'),(6705,246,'0,1,3','1','2015-07-03'),(6706,247,'6,1,1','1','2015-07-03'),(6707,248,'3,5,0','1','2015-07-03'),(6708,249,'4,1,4','1','2015-07-03'),(6709,250,'3,6,5','1','2015-07-03'),(6710,251,'8,8,0','1','2015-07-03'),(6711,252,'5,6,3','1','2015-07-03'),(6712,253,'6,3,4','1','2015-07-03'),(6713,254,'5,6,6','1','2015-07-03'),(6714,255,'8,2,3','1','2015-07-03'),(6715,256,'1,6,6','1','2015-07-03'),(6716,257,'2,7,8','1','2015-07-03'),(6717,258,'4,1,1','1','2015-07-03'),(6718,259,'8,8,5','1','2015-07-03'),(6719,260,'4,3,4','1','2015-07-03'),(6720,261,'5,5,2','1','2015-07-03'),(6721,262,'0,7,7','1','2015-07-03'),(6722,263,'1,7,0','1','2015-07-03'),(6723,264,'8,0,6','1','2015-07-03');

#
# Structure for table "userinfo"
#

DROP TABLE IF EXISTS `userinfo`;
CREATE TABLE `userinfo` (
  `Id` int(11) NOT NULL AUTO_INCREMENT,
  `userNo` varchar(20) NOT NULL DEFAULT '' COMMENT '帐号',
  `userPwd` varchar(30) NOT NULL DEFAULT '' COMMENT '用户密码',
  `tot` varchar(255) DEFAULT NULL COMMENT '金额',
  PRIMARY KEY (`Id`)
) ENGINE=ndbcluster AUTO_INCREMENT=3 DEFAULT CHARSET=utf8;

#
# Data for table "userinfo"
#

INSERT INTO `userinfo` VALUES (1,'admin','admin','94482'),(2,'test','test','977378');
